scope,backend,available,qualification,workers,batch_size,median_lightcurves_per_second,minimum_rate,maximum_rate,attempted,successful,api_failures,selected_discrepancies,selected_comparisons,complete_diagnostic_discrepancies,cold_preparation_seconds,sampled_gpu_peak_bytes,usd_per_million_successful,paired_experimental_speed_ratio,failure_reason
tess_solar,baseline,False,strict timing gates,,,,,,,,,,,,,,,,"Traceback (most recent call last):
  File ""/workspace/tls-followup/sources/candidate/benchmarks/tls_survey/throughput.py"", line 761, in run
    measured = pool.run_queue(cohort, cases, args.min_sources, args.min_seconds, gate['scalars'])
               ^^^^^^^^^^^^^^^^^^^^^^^^^^^^^^^^^^^^^^^^^^^^^^^^^^^^^^^^^^^^^^^^^^^^^^^^^^^^^^^^^^
  File ""/workspace/tls-followup/sources/candidate/benchmarks/tls_survey/throughput.py"", line 593, in run_queue
    raise error
RuntimeError: Measured task failed numerical/membership gate: {'kind': 'complete', 'pid': 3482, 'task': 7, 'indices': [8, 9, 10, 11, 12, 13, 14, 15], 'started': 4768000.047921224, 'ended': 4768004.145732233, 'api_seconds': 4.097811009734869, 'error': None, 'outputs': [], 'scalars': [{'case': 'tess_solar_nulls_0008.npz', 'fields': {'period': '0809a690f21d4f793860bb54d7d0df7d43a33f93c3b982206694ccca6e0bbfa6', 'SDE': '591f32e046a1f933088305544fda0ca045fb448d20c1c23ee422edacc0502518'}}, {'case': 'tess_solar_nulls_0009.npz', 'fields': {'period': '698a962152f083dd314e9060b5a53b40da7451cc6e8d01bcd65ca58b56f28f6c', 'SDE': 'f12ef6d0bbb6da1b17f20a53faa73d2a2a2a8dc2b77dd7c46c42e2bbf12b8ebf'}}, {'case': 'tess_solar_nulls_0010.npz', 'fields': {'period': '7cd30d6b2d422e2edfa11ac11a16909aa55b91f13ca79093105ff15eb6386f68', 'SDE': '29741ed3b4bf1a655676949c689e09bee8bbf090fa4d05a21b8986fc62455e65'}}, {'case': 'tess_solar_nulls_0011.npz', 'fields': {'period': '1322ad9910de561b1858d216ce592530f996b482a6b4d3c0aedac39ec66bda3d', 'SDE': '5a0d2f8dd34a7070c94d305bdeec23dc88e459d0a9483874e727d39b8c1e9e24'}}, {'case': 'tess_solar_nulls_0012.npz', 'fields': {'period': 'dd3eb1cde3f044cc382151c72e9ee781104e3640dc3b17dcba046121ae1d7fd8', 'SDE': '971b74628a3362267dda7b52fd81504d7516e241b1ab97b78726b069873a614b'}}, {'case': 'tess_solar_nulls_0013.npz', 'fields': {'period': 'ecf81586a7685717f71ab83aa7229744f6d7a5d60da09068776cbfca15d035ab', 'SDE': '824bd6207d102ee8837e993ece323b1a02b82fdf39de35c9c21008a7ecb3de02'}}, {'case': 'tess_solar_nulls_0014.npz', 'fields': {'period': '3b836097bc0d9e49aa187a06c160e3b1205efd310f10abc8efccdc070892f9ce', 'SDE': '51d7e07c8b9e498b7d93eb98355d612503120e73282ec9e539f27b3af3818fad'}}, {'case': 'tess_solar_nulls_0015.npz', 'fields': {'period': '3c9f35f237282d5748d68f8f9e0988177a2d4b58d17dfdac71d231de0581a9c9', 'SDE': '4385096764db97c021f68401e239d65955bfb40e80ed6683ff63af56516378c3'}}], 'profile': None, 'host_peak_rss_bytes': 363646976, 'scalar_match': False, 'membership_match': True}
"
tess_solar,candidate,True,strict timing gates,4,8,8.072180242679709,8.061897701016232,8.081324942596213,2976,2976,0,0,,0,10.760043038986623,3544317952,16.86175320905948,,
tess_solar,gtls,True,strict timing gates,2,4,2.4760218764863384,2.463763202103667,2.5015960260673413,928,928,0,0,,0,16.21672835573554,8549498880,54.97169164929311,,
tess_solar,bls,True,execution only; original exact gate failed,1,8,6.36183405713241,6.358009516602897,6.362576739201763,2304,2304,0,85,2336,32,3.9890154162421823,893517824,21.394948357465182,,
tess_gap_long,baseline,True,strict timing gates,4,8,0.7703886612603962,0.7703796967140845,0.7706210357991734,288,288,0,0,,0,87.03910730872303,3628204032,176.67849743326468,,
tess_gap_long,candidate,True,strict timing gates,4,8,0.775544617172059,0.7708215057844107,0.775666407776297,288,288,0,0,,0,85.7279324317351,3910598656,175.50390796009364,1.0066926684814226,
tess_gap_long,gtls,False,strict timing gates,,,,,,,,,,,,,,,,"Traceback (most recent call last):
  File ""/workspace/tls-followup/sources/candidate/benchmarks/tls_survey/throughput.py"", line 761, in run
    measured = pool.run_queue(cohort, cases, args.min_sources, args.min_seconds, gate['scalars'])
               ^^^^^^^^^^^^^^^^^^^^^^^^^^^^^^^^^^^^^^^^^^^^^^^^^^^^^^^^^^^^^^^^^^^^^^^^^^^^^^^^^^
  File ""/workspace/tls-followup/sources/candidate/benchmarks/tls_survey/throughput.py"", line 593, in run_queue
    raise error
RuntimeError: Measured task failed numerical/membership gate: {'kind': 'complete', 'pid': 5310, 'task': 2, 'indices': [8, 9, 10, 11], 'started': 4773925.727578893, 'ended': 4773929.300325295, 'api_seconds': 3.5727464016526937, 'error': 'Traceback (most recent call last):\n  File ""/workspace/tls-followup/sources/candidate/benchmarks/tls_survey/throughput.py"", line 388, in worker\n    results = public_call(internal_backend, selected,\n              ^^^^^^^^^^^^^^^^^^^^^^^^^^^^^^^^^^^^^^^\n  File ""/workspace/tls-followup/sources/candidate/benchmarks/tls_survey/throughput.py"", line 125, in public_call\n    return [gtls(case[\'data\'][\'t\'], case[\'data\'][\'y\'], case[\'data\'][\'dy\'],\n           ^^^^^^^^^^^^^^^^^^^^^^^^^^^^^^^^^^^^^^^^^^^^^^^^^^^^^^^^^^^^^^^\n  File ""/workspace/tls-followup/sources/candidate/benchmarks/tls_survey/throughput.py"", line 125, in <listcomp>\n    return [gtls(case[\'data\'][\'t\'], case[\'data\'][\'y\'], case[\'data\'][\'dy\'],\n            ^^^^^^^^^^^^^^^^^^^^^^^^^^^^^^^^^^^^^^^^^^^^^^^^^^^^^^^^^^^^^^\n  File ""/workspace/tls-followup/sources/gtls/gputls/main.py"", line 108, in power\n    = core.search_multi_periods(\n      ^^^^^^^^^^^^^^^^^^^^^^^^^^\n  File ""/workspace/tls-followup/sources/gtls/gputls/core.py"", line 768, in search_multi_periods\n    ootrGPU = cp.empty((singleCalcPeriods,len(singleDurations),(tSize)),dtype=cp.float32)\n              ^^^^^^^^^^^^^^^^^^^^^^^^^^^^^^^^^^^^^^^^^^^^^^^^^^^^^^^^^^^^^^^^^^^^^^^^^^^\n  File ""/workspace/tls-followup/venv/lib/python3.11/site-packages/cupy/_creation/basic.py"", line 32, in empty\n    return cupy.ndarray(shape, dtype, order=order)\n           ^^^^^^^^^^^^^^^^^^^^^^^^^^^^^^^^^^^^^^^\n  File ""cupy/_core/core.pyx"", line 167, in cupy._core.core.ndarray.__new__\n  File ""cupy/_core/core.pyx"", line 254, in cupy._core.core._ndarray_base._init\n  File ""cupy/cuda/memory.pyx"", line 875, in cupy.cuda.memory.alloc\n  File ""cupy/cuda/memory.pyx"", line 1579, in cupy.cuda.memory.MemoryPool.malloc\n  File ""cupy/cuda/memory.pyx"", line 1600, in cupy.cuda.memory.MemoryPool.malloc\n  File ""cupy/cuda/memory.pyx"", line 1271, in cupy.cuda.memory.SingleDeviceMemoryPool.malloc\n  File ""cupy/cuda/memory.pyx"", line 1292, in cupy.cuda.memory.SingleDeviceMemoryPool._malloc\n  File ""cupy/cuda/memory.pyx"", line 1537, in cupy.cuda.memory.SingleDeviceMemoryPool._try_malloc\n  File ""cupy/cuda/memory.pyx"", line 1540, in cupy.cuda.memory.SingleDeviceMemoryPool._try_malloc\ncupy.cuda.memory.OutOfMemoryError: Out of memory allocating 1,495,433,216 bytes (allocated so far: 4,818,000,896 bytes).\n', 'outputs': [], 'scalars': [], 'profile': None, 'host_peak_rss_bytes': 613711872, 'scalar_match': True, 'membership_match': False}
"
tess_gap_long,bls,True,execution only; original exact gate failed,1,8,11.444631609698977,11.413218263788075,11.455134587294893,4128,4128,0,421,4160,32,3.774877334944904,1175912448,11.893009382299478,,
ztf_solar,baseline,True,strict timing gates,4,8,0.4545545809017924,0.4506629868853666,0.4554894517251558,288,288,0,0,,0,151.8769503729418,2625044480,299.43843232440827,,
ztf_solar,candidate,True,strict timing gates,4,8,0.8234936950548055,0.8210153714631454,0.829816938586085,384,384,0,0,,0,83.54237468913198,2557935616,165.28494623392663,1.8116497548458834,
ztf_solar,gtls,True,strict timing gates,2,4,0.12110525907308327,0.12047964754572783,0.12298924599246262,288,288,0,0,,0,271.5421003680676,48282140672,1123.9075177484428,,
ztf_solar,bls,True,execution only; original exact gate failed,1,8,29.8505931246327,29.779999246402387,29.88016497414538,10768,10768,0,995,10800,32,5.470292201265693,895614976,4.5597456151982545,,
varied,baseline,False,strict timing gates,,,,,,,,,,,,,,,,"Traceback (most recent call last):
  File ""/workspace/tls-followup/sources/candidate/benchmarks/tls_survey/throughput.py"", line 753, in run
    raise RuntimeError('Pre-queue required-output qualification failed')
RuntimeError: Pre-queue required-output qualification failed
"
varied,candidate,False,strict timing gates,,,,,,,,,,,,,,,,"Traceback (most recent call last):
  File ""/workspace/tls-followup/sources/candidate/benchmarks/tls_survey/throughput.py"", line 753, in run
    raise RuntimeError('Pre-queue required-output qualification failed')
RuntimeError: Pre-queue required-output qualification failed
"
varied,gtls,False,strict timing gates,,,,,,,,,,,,,,,,"Traceback (most recent call last):
  File ""/workspace/tls-followup/sources/candidate/benchmarks/tls_survey/throughput.py"", line 753, in run
    raise RuntimeError('Pre-queue required-output qualification failed')
RuntimeError: Pre-queue required-output qualification failed
"
varied,bls,True,execution only; original exact gate failed,1,8,10.84638470773771,10.838038121594819,10.86552374315228,4032,4032,0,153,4224,192,18.688731756992638,1175912448,12.548984272520842,,
