regime,split,planned,compared,exact,mismatches,candidate_invalid,baseline_invalid,pending_repeat_diagnostics
tess_solar,injections,256,256,256,0,0,0,0
tess_solar,nulls,256,256,256,0,0,0,0
tess_highimpact,injections,256,256,255,1,0,0,0
tess_highimpact,nulls,256,256,255,1,0,0,0
tess_eccentric,injections,256,256,255,1,0,0,0
tess_eccentric,nulls,256,256,254,2,0,0,0
tess_mdwarf,injections,256,256,256,0,0,0,0
tess_mdwarf,nulls,256,256,256,0,0,0,0
ztf_solar,injections,256,256,256,0,0,0,0
ztf_solar,nulls,256,256,256,0,0,0,0
ztf_highimpact,injections,256,256,256,0,0,0,0
ztf_highimpact,nulls,256,256,256,0,0,0,0
ztf_mdwarf,injections,256,256,256,0,0,0,0
ztf_mdwarf,nulls,256,256,256,0,0,0,0
tess_gap_long,injections,256,256,256,0,0,0,0
tess_gap_long,nulls,256,256,256,0,0,0,0
tess_grazing_smeared,injections,256,256,256,0,0,0,0
tess_grazing_smeared,nulls,256,256,256,0,0,0,0
hatpi_short,injections,256,256,254,2,0,0,0
hatpi_short,nulls,256,256,254,2,0,0,0
