regime,split,name,input_sha256,differences,candidate_valid,baseline_valid,candidate_error,baseline_error,repeat_status
tess_highimpact,injections,tess_highimpact_injections_0125,f97f3b93098c92361e08e1b2abf774856a022ec3a107223927d17abf17c9c75e,spectrum/chi2; candidate_period_score_recovery,True,True,,,complete
tess_highimpact,nulls,tess_highimpact_nulls_0220,cb3f0dde603e6dc543b06c1f9597135bfeac268a238dd5fe69176efa9c22d81c,spectrum/chi2; candidate_period_score_recovery,True,True,,,complete
tess_eccentric,injections,tess_eccentric_injections_0018,f2612f36da70126a9b04dea2ba07794c66ea958b84ef7e262895bd08497e6188,spectrum/chi2; candidate_period_score_recovery,True,True,,,complete
tess_eccentric,nulls,tess_eccentric_nulls_0101,3eefb12dd7d8ab27bb1f4f25931eff1f00ffff9ad54a9c1aa4f463465b61a550,spectrum/chi2; candidate_period_score_recovery,True,True,,,complete
tess_eccentric,nulls,tess_eccentric_nulls_0137,b446929b9ec092714d69f2b558ccfdfbdd82be7746920ebd7e1fa98fc53657aa,spectrum/chi2; candidate_period_score_recovery,True,True,,,complete
hatpi_short,injections,hatpi_short_injections_0004,b903fad17e93517c5d7e0793674763fd1214e402fe9839c35caac2f130d817a1,spectrum/chi2; candidate_period_score_recovery,True,True,,,complete
hatpi_short,injections,hatpi_short_injections_0031,8d7a1222c0d58dcbeb1ddec027c93ac47078755edc27fe36d90c9f245fee3a6c,spectrum/chi2; candidate_period_score_recovery,True,True,,,complete
hatpi_short,nulls,hatpi_short_nulls_0193,ef4fb793e79c6b36a2351ef9c88342f69c2e2ea13004de5768328369af8778cc,spectrum/chi2; candidate_period_score_recovery,True,True,,,complete
hatpi_short,nulls,hatpi_short_nulls_0251,62523881f6a56077022437ba999ed26ef374b0eb027a51dc054757da343381fa,spectrum/chi2; candidate_period_score_recovery,True,True,,,complete
