regime,target_fpr,endpoint,bound,n,tls_only,bls_only,difference,interval_lower,interval_upper,stored_individual_confidence,construction
tess_solar,0.05,recovery,marginal,256,38,5,0.12890625,0.05301895960634103,0.1999885297331419,0.95,Bonferroni exact binomial bounds on the two discordant probabilities
tess_solar,0.05,recovery,simultaneous_family,256,38,5,0.12890625,0.013677220233607137,0.2349720215805475,0.99875,Bonferroni exact binomial bounds on the two discordant probabilities
tess_solar,0.05,fpr,marginal,256,8,14,-0.0234375,-0.08358370023374452,0.03770873244587032,0.95,Bonferroni exact binomial bounds on the two discordant probabilities
tess_solar,0.05,fpr,simultaneous_family,256,8,14,-0.0234375,-0.11378726541842446,0.06869115109404421,0.99875,Bonferroni exact binomial bounds on the two discordant probabilities
tess_solar,0.01,recovery,marginal,256,39,5,0.1328125,0.05633666103647047,0.20436087181564305,0.95,Bonferroni exact binomial bounds on the two discordant probabilities
tess_solar,0.01,recovery,simultaneous_family,256,39,5,0.1328125,0.016661498149790482,0.2395413493560759,0.99875,Bonferroni exact binomial bounds on the two discordant probabilities
tess_solar,0.01,fpr,marginal,256,6,3,0.01171875,-0.030171939147462884,0.05276855458148131,0.95,Bonferroni exact binomial bounds on the two discordant probabilities
tess_solar,0.01,fpr,simultaneous_family,256,6,3,0.01171875,-0.051969992585299246,0.07448140706236109,0.99875,Bonferroni exact binomial bounds on the two discordant probabilities
tess_highimpact,0.05,recovery,marginal,256,75,0,0.29296875,0.2137256102148199,0.361395134530731,0.95,Bonferroni exact binomial bounds on the two discordant probabilities
tess_highimpact,0.05,recovery,simultaneous_family,256,75,0,0.29296875,0.17047644856341773,0.39774015691976633,0.99875,Bonferroni exact binomial bounds on the two discordant probabilities
tess_highimpact,0.05,fpr,marginal,256,14,15,-0.00390625,-0.07277376652734832,0.0651099600191266,0.95,Bonferroni exact binomial bounds on the two discordant probabilities
tess_highimpact,0.05,fpr,simultaneous_family,256,14,15,-0.00390625,-0.10730177205980831,0.099773425608183,0.99875,Bonferroni exact binomial bounds on the two discordant probabilities
tess_highimpact,0.01,recovery,marginal,256,79,0,0.30859375,0.2281776174034516,0.37772548425318214,0.95,Bonferroni exact binomial bounds on the two discordant probabilities
tess_highimpact,0.01,recovery,simultaneous_family,256,79,0,0.30859375,0.18418219682949769,0.4142755470574769,0.99875,Bonferroni exact binomial bounds on the two discordant probabilities
tess_highimpact,0.01,fpr,marginal,256,6,7,-0.00390625,-0.05263794787670656,0.04504102372016667,0.95,Bonferroni exact binomial bounds on the two discordant probabilities
tess_highimpact,0.01,fpr,simultaneous_family,256,6,7,-0.00390625,-0.07756658322759415,0.07007169466218183,0.99875,Bonferroni exact binomial bounds on the two discordant probabilities
tess_eccentric,0.05,recovery,marginal,256,57,2,0.21484375,0.13550003210627412,0.28608211470014605,0.95,Bonferroni exact binomial bounds on the two discordant probabilities
tess_eccentric,0.05,recovery,simultaneous_family,256,57,2,0.21484375,0.09339316168010664,0.32146710612623125,0.99875,Bonferroni exact binomial bounds on the two discordant probabilities
tess_eccentric,0.05,fpr,marginal,256,19,9,0.0390625,-0.028494413431014387,0.10508841994592531,0.95,Bonferroni exact binomial bounds on the two discordant probabilities
tess_eccentric,0.05,fpr,simultaneous_family,256,19,9,0.0390625,-0.06275590539526223,0.1380115431716229,0.99875,Bonferroni exact binomial bounds on the two discordant probabilities
tess_eccentric,0.01,recovery,marginal,256,69,2,0.26171875,0.17783881198765086,0.33607753463345935,0.95,Bonferroni exact binomial bounds on the two discordant probabilities
tess_eccentric,0.01,recovery,simultaneous_family,256,69,2,0.26171875,0.13298248478648006,0.3725850601867362,0.99875,Bonferroni exact binomial bounds on the two discordant probabilities
tess_eccentric,0.01,fpr,marginal,256,6,1,0.01953125,-0.017290909616564272,0.05457691426394981,0.95,Bonferroni exact binomial bounds on the two discordant probabilities
tess_eccentric,0.01,fpr,simultaneous_family,256,6,1,0.01953125,-0.03683684736409428,0.07497921957412955,0.99875,Bonferroni exact binomial bounds on the two discordant probabilities
tess_mdwarf,0.05,recovery,marginal,256,94,0,0.3671875,0.2831131279929324,0.43823040358009924,0.95,Bonferroni exact binomial bounds on the two discordant probabilities
tess_mdwarf,0.05,recovery,simultaneous_family,256,94,0,0.3671875,0.23669266062945146,0.47517776604985884,0.99875,Bonferroni exact binomial bounds on the two discordant probabilities
tess_mdwarf,0.05,fpr,marginal,256,10,15,-0.01953125,-0.08349062939545526,0.04521543509999486,0.95,Bonferroni exact binomial bounds on the two discordant probabilities
tess_mdwarf,0.05,fpr,simultaneous_family,256,10,15,-0.01953125,-0.11552874023782281,0.07791934603484421,0.99875,Bonferroni exact binomial bounds on the two discordant probabilities
tess_mdwarf,0.01,recovery,marginal,256,107,0,0.41796875,0.3315918948467302,0.48980564608892235,0.95,Bonferroni exact binomial bounds on the two discordant probabilities
tess_mdwarf,0.01,recovery,simultaneous_family,256,107,0,0.41796875,0.2835084636122833,0.5266602128442532,0.99875,Bonferroni exact binomial bounds on the two discordant probabilities
tess_mdwarf,0.01,fpr,marginal,256,1,3,-0.0078125,-0.03749703255065096,0.02280764333728385,0.95,Bonferroni exact binomial bounds on the two discordant probabilities
tess_mdwarf,0.01,fpr,simultaneous_family,256,1,3,-0.0078125,-0.05544968828346976,0.03981873055049632,0.99875,Bonferroni exact binomial bounds on the two discordant probabilities
ztf_solar,0.05,recovery,marginal,256,3,17,-0.0546875,-0.10810580030133371,0.0014230110291638537,0.95,Bonferroni exact binomial bounds on the two discordant probabilities
ztf_solar,0.05,recovery,simultaneous_family,256,3,17,-0.0546875,-0.13549470979132186,0.0303001398299877,0.99875,Bonferroni exact binomial bounds on the two discordant probabilities
ztf_solar,0.05,fpr,marginal,256,6,8,-0.0078125,-0.057919550913105994,0.042708566908034436,0.95,Bonferroni exact binomial bounds on the two discordant probabilities
ztf_solar,0.05,fpr,simultaneous_family,256,6,8,-0.0078125,-0.08348158192265732,0.06848691650389155,0.99875,Bonferroni exact binomial bounds on the two discordant probabilities
ztf_solar,0.01,recovery,marginal,256,2,18,-0.0625,-0.11406214112064857,-0.007691772962470332,0.95,Bonferroni exact binomial bounds on the two discordant probabilities
ztf_solar,0.01,recovery,simultaneous_family,256,2,18,-0.0625,-0.141031875524833,0.02067710479688799,0.99875,Bonferroni exact binomial bounds on the two discordant probabilities
ztf_solar,0.01,fpr,marginal,256,0,1,-0.00390625,-0.024665137680600906,0.016922488380280466,0.95,Bonferroni exact binomial bounds on the two discordant probabilities
ztf_solar,0.01,fpr,simultaneous_family,256,0,1,-0.00390625,-0.04031776395541911,0.031033962681686567,0.99875,Bonferroni exact binomial bounds on the two discordant probabilities
ztf_highimpact,0.05,recovery,marginal,256,12,24,-0.046875,-0.12055683416821214,0.028502579654092836,0.95,Bonferroni exact binomial bounds on the two discordant probabilities
ztf_highimpact,0.05,recovery,simultaneous_family,256,12,24,-0.046875,-0.1571170940077443,0.06669784690411368,0.99875,Bonferroni exact binomial bounds on the two discordant probabilities
ztf_highimpact,0.05,fpr,marginal,256,8,5,0.01171875,-0.037194600779760174,0.05997869393823143,0.95,Bonferroni exact binomial bounds on the two discordant probabilities
ztf_highimpact,0.05,fpr,simultaneous_family,256,8,5,0.01171875,-0.062234682175147396,0.08472144881133357,0.99875,Bonferroni exact binomial bounds on the two discordant probabilities
ztf_highimpact,0.01,recovery,marginal,256,8,33,-0.09765625,-0.1713443571001541,-0.020434445192845707,0.95,Bonferroni exact binomial bounds on the two discordant probabilities
ztf_highimpact,0.01,recovery,simultaneous_family,256,8,33,-0.09765625,-0.2076031066507355,0.019202276674090246,0.99875,Bonferroni exact binomial bounds on the two discordant probabilities
ztf_highimpact,0.01,fpr,marginal,256,0,1,-0.00390625,-0.024665137680600906,0.016922488380280466,0.95,Bonferroni exact binomial bounds on the two discordant probabilities
ztf_highimpact,0.01,fpr,simultaneous_family,256,0,1,-0.00390625,-0.04031776395541911,0.031033962681686567,0.99875,Bonferroni exact binomial bounds on the two discordant probabilities
ztf_mdwarf,0.05,recovery,marginal,256,16,37,-0.08203125,-0.16768135419547966,0.006353316796313513,0.95,Bonferroni exact binomial bounds on the two discordant probabilities
ztf_mdwarf,0.05,recovery,simultaneous_family,256,16,37,-0.08203125,-0.20982442621751127,0.05137050799056661,0.99875,Bonferroni exact binomial bounds on the two discordant probabilities
ztf_mdwarf,0.05,fpr,marginal,256,13,6,0.02734375,-0.029801946114665696,0.08322770055124726,0.95,Bonferroni exact binomial bounds on the two discordant probabilities
ztf_mdwarf,0.05,fpr,simultaneous_family,256,13,6,0.02734375,-0.05888072931507783,0.1114460116570914,0.99875,Bonferroni exact binomial bounds on the two discordant probabilities
ztf_mdwarf,0.01,recovery,marginal,256,16,40,-0.09375,-0.18079873340567582,-0.003599413740864227,0.95,Bonferroni exact binomial bounds on the two discordant probabilities
ztf_mdwarf,0.01,recovery,simultaneous_family,256,16,40,-0.09375,-0.22353293462315868,0.04241822117260741,0.99875,Bonferroni exact binomial bounds on the two discordant probabilities
ztf_mdwarf,0.01,fpr,marginal,256,5,1,0.015625,-0.019350052641689708,0.04906294813567555,0.95,Bonferroni exact binomial bounds on the two discordant probabilities
ztf_mdwarf,0.01,fpr,simultaneous_family,256,5,1,0.015625,-0.03807671425277054,0.0687269852453854,0.99875,Bonferroni exact binomial bounds on the two discordant probabilities
tess_gap_long,0.05,recovery,marginal,256,4,23,-0.07421875,-0.1346175312731417,-0.010637120093813394,0.95,Bonferroni exact binomial bounds on the two discordant probabilities
tess_gap_long,0.05,recovery,simultaneous_family,256,4,23,-0.07421875,-0.1649760872032709,0.022069250024376923,0.99875,Bonferroni exact binomial bounds on the two discordant probabilities
tess_gap_long,0.05,fpr,marginal,256,8,9,-0.00390625,-0.05857023570804133,0.050943374613452594,0.95,Bonferroni exact binomial bounds on the two discordant probabilities
tess_gap_long,0.05,fpr,simultaneous_family,256,8,9,-0.00390625,-0.0862559885822961,0.0787509575421446,0.99875,Bonferroni exact binomial bounds on the two discordant probabilities
tess_gap_long,0.01,recovery,marginal,256,3,27,-0.09375,-0.15449517837806492,-0.028974258824104232,0.95,Bonferroni exact binomial bounds on the two discordant probabilities
tess_gap_long,0.01,recovery,simultaneous_family,256,3,27,-0.09375,-0.18517092329082527,0.004559739352563839,0.99875,Bonferroni exact binomial bounds on the two discordant probabilities
tess_gap_long,0.01,fpr,marginal,256,2,0,0.0078125,-0.016317801351536536,0.031350547463748824,0.95,Bonferroni exact binomial bounds on the two discordant probabilities
tess_gap_long,0.01,fpr,simultaneous_family,256,2,0,0.0078125,-0.030936516032969874,0.04822625080999568,0.99875,Bonferroni exact binomial bounds on the two discordant probabilities
tess_grazing_smeared,0.05,recovery,marginal,256,0,108,-0.421875,-0.4937416712669717,-0.3353524727740188,0.95,Bonferroni exact binomial bounds on the two discordant probabilities
tess_grazing_smeared,0.05,recovery,simultaneous_family,256,0,108,-0.421875,-0.5305732227942764,-0.2871570400827575,0.99875,Bonferroni exact binomial bounds on the two discordant probabilities
tess_grazing_smeared,0.05,fpr,marginal,256,11,12,-0.00390625,-0.06619778816182587,0.05854701518917046,0.95,Bonferroni exact binomial bounds on the two discordant probabilities
tess_grazing_smeared,0.05,fpr,simultaneous_family,256,11,12,-0.00390625,-0.09752776768281557,0.0900090987958228,0.99875,Bonferroni exact binomial bounds on the two discordant probabilities
tess_grazing_smeared,0.01,recovery,marginal,256,0,97,-0.37890625,-0.4502006835292507,-0.29423187846353466,0.95,Bonferroni exact binomial bounds on the two discordant probabilities
tess_grazing_smeared,0.01,recovery,simultaneous_family,256,0,97,-0.37890625,-0.4871612698000275,-0.24739290723896076,0.99875,Bonferroni exact binomial bounds on the two discordant probabilities
tess_grazing_smeared,0.01,fpr,marginal,256,1,0,0.00390625,-0.016922488380280466,0.024665137680600906,0.95,Bonferroni exact binomial bounds on the two discordant probabilities
tess_grazing_smeared,0.01,fpr,simultaneous_family,256,1,0,0.00390625,-0.031033962681686567,0.04031776395541911,0.99875,Bonferroni exact binomial bounds on the two discordant probabilities
hatpi_short,0.05,recovery,marginal,256,3,0,0.01171875,-0.015114128697811965,0.03754616721149952,0.95,Bonferroni exact binomial bounds on the two discordant probabilities
hatpi_short,0.05,recovery,simultaneous_family,256,3,0,0.01171875,-0.03053615016991809,0.055450909176624076,0.99875,Bonferroni exact binomial bounds on the two discordant probabilities
hatpi_short,0.05,fpr,marginal,256,9,3,0.0234375,-0.023195762847809488,0.0686302233814882,0.95,Bonferroni exact binomial bounds on the two discordant probabilities
hatpi_short,0.05,fpr,simultaneous_family,256,9,3,0.0234375,-0.04723936820478654,0.09225047914076565,0.99875,Bonferroni exact binomial bounds on the two discordant probabilities
hatpi_short,0.01,recovery,marginal,256,0,0,0.0,-0.016971623041129022,0.016971623041129022,0.95,Bonferroni exact binomial bounds on the two discordant probabilities
hatpi_short,0.01,recovery,simultaneous_family,256,0,0,0.0,-0.031035183574840884,0.031035183574840884,0.99875,Bonferroni exact binomial bounds on the two discordant probabilities
hatpi_short,0.01,fpr,marginal,256,5,1,0.015625,-0.019350052641689708,0.04906294813567555,0.95,Bonferroni exact binomial bounds on the two discordant probabilities
hatpi_short,0.01,fpr,simultaneous_family,256,5,1,0.015625,-0.03807671425277054,0.0687269852453854,0.99875,Bonferroni exact binomial bounds on the two discordant probabilities
