regime,target_fpr,method,configuration,ranker,detected,n_injections,recovery,false_positives,n_nulls,fpr,failed_injections,failed_nulls,aliases_including_fundamental,recovery_interval95_lower,recovery_interval95_upper,fpr_interval95_lower,fpr_interval95_upper
tess_solar,0.05,tls,tls,native,73,256,0.28515625,14,256,0.0546875,0,0,73,0.2306739562256708,0.34469054084595635,0.03021717535292447,0.0900547978340569
tess_solar,0.05,bls,bls_strong,likelihood,40,256,0.15625,20,256,0.078125,0,0,44,0.11403373981161252,0.20663267534771496,0.04837229150657823,0.11808012478450235
tess_solar,0.01,tls,tls,native,53,256,0.20703125,7,256,0.02734375,0,0,53,0.15909676373371917,0.2618882553027363,0.011062786808498114,0.05552459054714268
tess_solar,0.01,bls,bls_strong,likelihood,19,256,0.07421875,4,256,0.015625,0,0,21,0.045273751053621344,0.11347692881153072,0.004273272485754633,0.039520756533374925
tess_highimpact,0.05,tls,tls,native,128,256,0.5,17,256,0.06640625,0,0,130,0.4371086489403644,0.5628913510596356,0.039156799438977076,0.1041955690615258
tess_highimpact,0.05,bls,bls_strong,detrended,53,256,0.20703125,18,256,0.0703125,0,0,54,0.15909676373371917,0.2618882553027363,0.04220124193023629,0.10884934667326522
tess_highimpact,0.01,tls,tls,native,112,256,0.4375,6,256,0.0234375,0,0,113,0.37581636723213185,0.5006476615159835,0.008648616196162343,0.05031290342281495
tess_highimpact,0.01,bls,bls_strong,detrended,33,256,0.12890625,7,256,0.02734375,0,0,33,0.09042083411624686,0.1762455944331089,0.011062786808498114,0.05552459054714268
tess_eccentric,0.05,tls,tls,native,83,256,0.32421875,19,256,0.07421875,0,0,86,0.2672621250614532,0.38530257754550207,0.045273751053621344,0.11347692881153072
tess_eccentric,0.05,bls,bls_strong,likelihood,28,256,0.109375,9,256,0.03515625,0,0,28,0.07392025520532458,0.15418752971930533,0.016199410860957122,0.06568621418387195
tess_eccentric,0.01,tls,tls,native,73,256,0.28515625,6,256,0.0234375,0,0,75,0.2306739562256708,0.34469054084595635,0.008648616196162343,0.05031290342281495
tess_eccentric,0.01,bls,bls_strong,likelihood,6,256,0.0234375,1,256,0.00390625,0,0,6,0.008648616196162343,0.05031290342281495,9.889279722355363e-05,0.021570890352533498
tess_mdwarf,0.05,tls,tls,native,154,256,0.6015625,10,256,0.0390625,0,0,155,0.5387453741752993,0.6619993431702311,0.018888275719460015,0.07066228590012934
tess_mdwarf,0.05,bls,bls_strong,detrended,60,256,0.234375,15,256,0.05859375,0,0,61,0.18387802870585904,0.29113555774332106,0.03316183202667131,0.0948008584555743
tess_mdwarf,0.01,tls,tls,native,144,256,0.5625,1,256,0.00390625,0,0,145,0.4993523384840165,0.6241836327678681,9.889279722355363e-05,0.021570890352533498
tess_mdwarf,0.01,bls,bls_strong,detrended,37,256,0.14453125,3,256,0.01171875,0,0,38,0.10384866418338659,0.19367285361748135,0.0024232387538726603,0.033863282636291465
ztf_solar,0.05,tls,tls,native,183,256,0.71484375,8,256,0.03125,0,0,184,0.6553094591540437,0.7693260437743291,0.013586185897148497,0.06064405087196582
ztf_solar,0.05,bls,bls_medium,raw,197,256,0.76953125,10,256,0.0390625,0,0,197,0.7130236816002221,0.819681436200814,0.018888275719460015,0.07066228590012934
ztf_solar,0.01,tls,tls,native,176,256,0.6875,0,256,0.0,0,0,177,0.6268318317795951,0.7437640291637292,0.0,0.014306362729039375
ztf_solar,0.01,bls,bls_medium,raw,192,256,0.75,1,256,0.00390625,0,0,192,0.6922867037913965,0.8018239353369248,9.889279722355363e-05,0.021570890352533498
ztf_highimpact,0.05,tls,tls,native,147,256,0.57421875,16,256,0.0625,0,0,149,0.5111299229592188,0.6355688203803116,0.03614276078982248,0.0995135311004295
ztf_highimpact,0.05,bls,bls_strong,likelihood,159,256,0.62109375,13,256,0.05078125,0,0,163,0.5585883860676195,0.6807600511718108,0.027312525005386005,0.08527212595645979
ztf_highimpact,0.01,tls,tls,native,131,256,0.51171875,1,256,0.00390625,0,0,133,0.4487068479030514,0.5744562280442491,9.889279722355363e-05,0.021570890352533498
ztf_highimpact,0.01,bls,bls_strong,likelihood,156,256,0.609375,2,256,0.0078125,0,0,160,0.5466706383112345,0.6695156296045671,0.0009475342881075704,0.027934914204054754
ztf_mdwarf,0.05,tls,tls,native,103,256,0.40234375,15,256,0.05859375,0,0,113,0.3417647376907699,0.46521134883973414,0.03316183202667131,0.0948008584555743
ztf_mdwarf,0.05,bls,bls_strong,likelihood,124,256,0.484375,8,256,0.03125,0,0,128,0.42169622251474875,0.5474196792624141,0.013586185897148497,0.06064405087196582
ztf_mdwarf,0.01,tls,tls,native,98,256,0.3828125,5,256,0.01953125,0,0,106,0.32298405823401255,0.4453882055205323,0.006371420454805813,0.04498832111637432
ztf_mdwarf,0.01,bls,bls_strong,likelihood,122,256,0.4765625,1,256,0.00390625,0,0,126,0.4140122531039423,0.5396616126072175,9.889279722355363e-05,0.021570890352533498
tess_gap_long,0.05,tls,tls,native,40,256,0.15625,12,256,0.046875,0,0,42,0.11403373981161252,0.20663267534771496,0.02445234396943696,0.08044902822855146
tess_gap_long,0.05,bls,bls_fine,likelihood,59,256,0.23046875,13,256,0.05078125,0,0,61,0.180318563799186,0.2869763183997779,0.027312525005386005,0.08527212595645979
tess_gap_long,0.01,tls,tls,native,23,256,0.08984375,2,256,0.0078125,0,0,24,0.057807257482065985,0.13175848654719313,0.0009475342881075704,0.027934914204054754
tess_gap_long,0.01,bls,bls_fine,likelihood,47,256,0.18359375,0,256,0.0,0,0,48,0.13812765290471316,0.236552473196494,0.0,0.014306362729039375
tess_grazing_smeared,0.05,tls,tls,native,1,256,0.00390625,11,256,0.04296875,0,0,2,9.889279722355363e-05,0.021570890352533498,0.021642040604303178,0.07558093377042933
tess_grazing_smeared,0.05,bls,bls_medium,likelihood,109,256,0.42578125,12,256,0.046875,0,0,111,0.3644311796196885,0.48887007704078106,0.02445234396943696,0.08044902822855146
tess_grazing_smeared,0.01,tls,tls,native,0,256,0.0,1,256,0.00390625,0,0,0,0.0,0.014306362729039375,9.889279722355363e-05,0.021570890352533498
tess_grazing_smeared,0.01,bls,bls_medium,likelihood,97,256,0.37890625,0,256,0.0,0,0,98,0.3192399488281891,0.4414116139323805,0.0,0.014306362729039375
hatpi_short,0.05,tls,tls,native,3,256,0.01171875,10,256,0.0390625,0,0,3,0.0024232387538726603,0.033863282636291465,0.018888275719460015,0.07066228590012934
hatpi_short,0.05,bls,bls_strong,likelihood,0,256,0.0,4,256,0.015625,0,0,0,0.0,0.014306362729039375,0.004273272485754633,0.039520756533374925
hatpi_short,0.01,tls,tls,native,0,256,0.0,5,256,0.01953125,0,0,0,0.0,0.014306362729039375,0.006371420454805813,0.04498832111637432
hatpi_short,0.01,bls,bls_strong,likelihood,0,256,0.0,1,256,0.00390625,0,0,0,0.0,0.014306362729039375,9.889279722355363e-05,0.021570890352533498
