regime,method,configuration,ranker,attainable_marginal_fpr,calibration,calibration_scores_above,calibration_scores_at_threshold,calibration_strict_exceedance_fraction,calibration_zero_scores,decision,extra_conservatism_from_ties,marginal_fpr_upper_bound,n,rank_1based,target_fpr,value
tess_solar,tls,tls,native,0.04873294346978557,independent split-conformal order statistic,24,1,0.046875,0,strict exceedance,False,0.04873294346978557,512,488,0.05,7.208757400512695
tess_solar,bls,bls_strong,likelihood,0.04873294346978557,independent split-conformal order statistic,24,1,0.046875,0,strict exceedance,False,0.04873294346978557,512,488,0.05,148.17723083496094
tess_solar,tls,tls,native,0.009746588693957114,independent split-conformal order statistic,4,1,0.0078125,0,strict exceedance,False,0.009746588693957114,512,508,0.01,8.045271873474121
tess_solar,bls,bls_strong,likelihood,0.009746588693957114,independent split-conformal order statistic,4,1,0.0078125,0,strict exceedance,False,0.009746588693957114,512,508,0.01,172.89230346679688
tess_highimpact,tls,tls,native,0.04873294346978557,independent split-conformal order statistic,24,1,0.046875,0,strict exceedance,False,0.04873294346978557,512,488,0.05,7.663411617279053
tess_highimpact,bls,bls_strong,detrended,0.04873294346978557,independent split-conformal order statistic,24,1,0.046875,0,strict exceedance,False,0.04873294346978557,512,488,0.05,7.209781652608563
tess_highimpact,tls,tls,native,0.009746588693957114,independent split-conformal order statistic,4,1,0.0078125,0,strict exceedance,False,0.009746588693957114,512,508,0.01,8.72483296426546
tess_highimpact,bls,bls_strong,detrended,0.009746588693957114,independent split-conformal order statistic,4,1,0.0078125,0,strict exceedance,False,0.009746588693957114,512,508,0.01,8.031864999238893
tess_eccentric,tls,tls,native,0.04873294346978557,independent split-conformal order statistic,24,1,0.046875,0,strict exceedance,False,0.04873294346978557,512,488,0.05,7.886537075042725
tess_eccentric,bls,bls_strong,likelihood,0.04873294346978557,independent split-conformal order statistic,24,1,0.046875,0,strict exceedance,False,0.04873294346978557,512,488,0.05,156.35879516601562
tess_eccentric,tls,tls,native,0.009746588693957114,independent split-conformal order statistic,4,1,0.0078125,0,strict exceedance,False,0.009746588693957114,512,508,0.01,9.101484298706055
tess_eccentric,bls,bls_strong,likelihood,0.009746588693957114,independent split-conformal order statistic,4,1,0.0078125,0,strict exceedance,False,0.009746588693957114,512,508,0.01,197.4506378173828
tess_mdwarf,tls,tls,native,0.04873294346978557,independent split-conformal order statistic,24,1,0.046875,0,strict exceedance,False,0.04873294346978557,512,488,0.05,8.732659339904785
tess_mdwarf,bls,bls_strong,detrended,0.04873294346978557,independent split-conformal order statistic,24,1,0.046875,0,strict exceedance,False,0.04873294346978557,512,488,0.05,7.195139943286286
tess_mdwarf,tls,tls,native,0.009746588693957114,independent split-conformal order statistic,4,1,0.0078125,0,strict exceedance,False,0.009746588693957114,512,508,0.01,10.082538604736328
tess_mdwarf,bls,bls_strong,detrended,0.009746588693957114,independent split-conformal order statistic,4,1,0.0078125,0,strict exceedance,False,0.009746588693957114,512,508,0.01,8.182490558509917
ztf_solar,tls,tls,native,0.04873294346978557,independent split-conformal order statistic,24,1,0.046875,0,strict exceedance,False,0.04873294346978557,512,488,0.05,10.934158325195312
ztf_solar,bls,bls_medium,raw,0.04873294346978557,independent split-conformal order statistic,24,1,0.046875,0,strict exceedance,False,0.04873294346978557,512,488,0.05,0.031805649399757385
ztf_solar,tls,tls,native,0.009746588693957114,independent split-conformal order statistic,4,1,0.0078125,0,strict exceedance,False,0.009746588693957114,512,508,0.01,12.117471694946289
ztf_solar,bls,bls_medium,raw,0.009746588693957114,independent split-conformal order statistic,4,1,0.0078125,0,strict exceedance,False,0.009746588693957114,512,508,0.01,0.034117940813302994
ztf_highimpact,tls,tls,native,0.04873294346978557,independent split-conformal order statistic,24,1,0.046875,0,strict exceedance,False,0.04873294346978557,512,488,0.05,11.53281021118164
ztf_highimpact,bls,bls_strong,likelihood,0.04873294346978557,independent split-conformal order statistic,24,1,0.046875,0,strict exceedance,False,0.04873294346978557,512,488,0.05,49.10021209716797
ztf_highimpact,tls,tls,native,0.009746588693957114,independent split-conformal order statistic,4,1,0.0078125,0,strict exceedance,False,0.009746588693957114,512,508,0.01,13.06347370147705
ztf_highimpact,bls,bls_strong,likelihood,0.009746588693957114,independent split-conformal order statistic,4,1,0.0078125,0,strict exceedance,False,0.009746588693957114,512,508,0.01,52.970184326171875
ztf_mdwarf,tls,tls,native,0.04873294346978557,independent split-conformal order statistic,24,1,0.046875,0,strict exceedance,False,0.04873294346978557,512,488,0.05,11.998270034790039
ztf_mdwarf,bls,bls_strong,likelihood,0.04873294346978557,independent split-conformal order statistic,24,1,0.046875,0,strict exceedance,False,0.04873294346978557,512,488,0.05,50.67043685913086
ztf_mdwarf,tls,tls,native,0.009746588693957114,independent split-conformal order statistic,4,1,0.0078125,0,strict exceedance,False,0.009746588693957114,512,508,0.01,12.6873779296875
ztf_mdwarf,bls,bls_strong,likelihood,0.009746588693957114,independent split-conformal order statistic,4,1,0.0078125,0,strict exceedance,False,0.009746588693957114,512,508,0.01,54.972225189208984
tess_gap_long,tls,tls,native,0.04873294346978557,independent split-conformal order statistic,24,1,0.046875,0,strict exceedance,False,0.04873294346978557,512,488,0.05,10.617395401000977
tess_gap_long,bls,bls_fine,likelihood,0.04873294346978557,independent split-conformal order statistic,24,1,0.046875,0,strict exceedance,False,0.04873294346978557,512,488,0.05,81.55892181396484
tess_gap_long,tls,tls,native,0.009746588693957114,independent split-conformal order statistic,4,1,0.0078125,0,strict exceedance,False,0.009746588693957114,512,508,0.01,12.432835578918457
tess_gap_long,bls,bls_fine,likelihood,0.009746588693957114,independent split-conformal order statistic,4,1,0.0078125,0,strict exceedance,False,0.009746588693957114,512,508,0.01,98.37548828125
tess_grazing_smeared,tls,tls,native,0.04873294346978557,independent split-conformal order statistic,24,1,0.046875,38,strict exceedance,False,0.04873294346978557,512,488,0.05,7.612651665488954
tess_grazing_smeared,bls,bls_medium,likelihood,0.04873294346978557,independent split-conformal order statistic,24,1,0.046875,0,strict exceedance,False,0.04873294346978557,512,488,0.05,41.80722427368164
tess_grazing_smeared,tls,tls,native,0.009746588693957114,independent split-conformal order statistic,4,1,0.0078125,38,strict exceedance,False,0.009746588693957114,512,508,0.01,8.717121702476923
tess_grazing_smeared,bls,bls_medium,likelihood,0.009746588693957114,independent split-conformal order statistic,4,1,0.0078125,0,strict exceedance,False,0.009746588693957114,512,508,0.01,53.666297912597656
hatpi_short,tls,tls,native,0.04873294346978557,independent split-conformal order statistic,24,1,0.046875,0,strict exceedance,False,0.04873294346978557,512,488,0.05,6.821170330047607
hatpi_short,bls,bls_strong,likelihood,0.04873294346978557,independent split-conformal order statistic,24,1,0.046875,0,strict exceedance,False,0.04873294346978557,512,488,0.05,509.07257080078125
hatpi_short,tls,tls,native,0.009746588693957114,independent split-conformal order statistic,4,1,0.0078125,0,strict exceedance,False,0.009746588693957114,512,508,0.01,7.739882469177246
hatpi_short,bls,bls_strong,likelihood,0.009746588693957114,independent split-conformal order statistic,4,1,0.0078125,0,strict exceedance,False,0.009746588693957114,512,508,0.01,628.8975830078125
