profile,method,family,threshold,n_injections,n_calibration_nulls,n_heldout_nulls,period_recovered,detected,alias_recovered,alias_detected,false_positives,period_recall,detection_recall,false_positive_rate,period_interval,detection_interval,false_positive_interval,invalid_calibration,invalid_heldout,partial_spectra_calibration,partial_spectra_heldout,masked_trials_calibration,masked_trials_heldout
tess_gap,gtls_batch,GTLS,10.242493629455566,128,128,128,95,74,99,78,2,0.7421875,0.578125,0.015625,"[0.6601308077044309, 0.8101309791005885]","[0.4915184739711009, 0.6601788766111634]","[0.004295449710144082, 0.055180976679817195]",0,0,0,0,0,0
ztf,bls_v1,BLS v1,7.94555263720784,128,128,128,101,93,101,93,9,0.7890625,0.7265625,0.0703125,"[0.7104932846593583, 0.8507869124950196]","[0.6435923144931466, 0.7963300021954198]","[0.03742976830393997, 0.12823480349360633]",0,0,0,0,0,0
ztf,bls_v1_batch,BLS v1,7.945554731928342,128,128,128,101,93,101,93,9,0.7890625,0.7265625,0.0703125,"[0.7104932846593583, 0.8507869124950196]","[0.6435923144931466, 0.7963300021954198]","[0.03742976830393997, 0.12823480349360633]",0,0,0,0,0,0
tess_200s,bls_pypi,BLS PyPI,6.220359293976545,128,128,128,63,50,66,51,3,0.4921875,0.390625,0.0234375,"[0.4070774941965585, 0.5777527707452151]","[0.31047019100495765, 0.4771535181798723]","[0.008002416396755481, 0.06664374505143222]",0,0,0,0,0,0
tess_200s,bls_cpu,BLS CPU,5.882632997067927,128,128,128,59,48,63,48,5,0.4609375,0.375,0.0390625,"[0.3769811559809195, 0.5471701687279483]","[0.29592429097646555, 0.4613599480919116]","[0.016798610797803704, 0.08818702076683686]",0,0,0,0,0,0
tess_gap,bls_v1,BLS v1,7.228796761775145,128,128,128,95,89,95,89,6,0.7421875,0.6953125,0.046875,"[0.6601308077044309, 0.8101309791005885]","[0.6108489916080531, 0.7683943848476078]","[0.021657844171923776, 0.09849752245094322]",0,0,0,0,0,0
tess_gap,bls_cpu,BLS CPU,6.963092992681387,128,128,128,86,74,87,75,7,0.671875,0.578125,0.0546875,"[0.5865640159976144, 0.7471701552833669]","[0.4915184739711009, 0.6601788766111634]","[0.026740201381346355, 0.10858490029974707]",0,0,0,0,0,0
ztf,bls_gpu,BLS GPU,7.83691528271781,128,128,128,99,90,99,90,6,0.7734375,0.703125,0.046875,"[0.6935732116243923, 0.8373675154135328]","[0.6189947723495539, 0.7754183391643332]","[0.021657844171923776, 0.09849752245094322]",0,0,0,0,0,0
tess_gap,bls_gpu,BLS GPU,6.962940217722587,128,128,128,86,74,87,75,7,0.671875,0.578125,0.0546875,"[0.5865640159976144, 0.7471701552833669]","[0.4915184739711009, 0.6601788766111634]","[0.026740201381346355, 0.10858490029974707]",0,0,0,0,0,0
tess_200s,gtls_batch,GTLS,7.17197322845459,128,128,128,69,59,72,59,8,0.5390625,0.4609375,0.0625,"[0.4528298312720518, 0.6230188440190805]","[0.3769811559809195, 0.5471701687279483]","[0.03200692569506119, 0.11848791104425865]",0,0,0,0,0,0
tess_200s,tls_v1,TLS v1,7.488113024591011,128,128,128,63,56,65,56,7,0.4921875,0.4375,0.0546875,"[0.4070774941965585, 0.5777527707452151]","[0.35462313127053047, 0.5240189882636581]","[0.026740201381346355, 0.10858490029974707]",0,0,4,0,22,0
tess_200s,bls_v1_batch,BLS v1,5.879720214059231,128,128,128,59,49,63,51,3,0.4609375,0.3828125,0.0234375,"[0.3769811559809195, 0.5471701687279483]","[0.3031862585769025, 0.46926771554970104]","[0.008002416396755481, 0.06664374505143222]",0,0,0,0,0,0
tess_200s,bls_gpu,BLS GPU,5.708531056473186,128,128,128,50,39,53,39,7,0.390625,0.3046875,0.0546875,"[0.31047019100495765, 0.4771535181798723]","[0.2316056151523922, 0.38915100839194705]","[0.026740201381346355, 0.10858490029974707]",0,0,0,0,0,0
tess_200s,gtls,GTLS,7.17197322845459,128,128,128,69,59,72,59,8,0.5390625,0.4609375,0.0625,"[0.4528298312720518, 0.6230188440190805]","[0.3769811559809195, 0.5471701687279483]","[0.03200692569506119, 0.11848791104425865]",0,0,0,0,0,0
ztf,gtls,GTLS,11.482556343078613,128,128,128,103,96,103,96,3,0.8046875,0.75,0.0234375,"[0.7275592800992087, 0.864060387171622]","[0.6684443704768313, 0.8169871513864144]","[0.008002416396755481, 0.06664374505143222]",0,0,0,0,0,0
ztf,bls_cpu,BLS CPU,7.836858828273049,128,128,128,99,90,99,90,6,0.7734375,0.703125,0.046875,"[0.6935732116243923, 0.8373675154135328]","[0.6189947723495539, 0.7754183391643332]","[0.021657844171923776, 0.09849752245094322]",0,0,0,0,0,0
tess_gap,bls_pypi,BLS PyPI,7.2398353074361275,128,128,128,96,89,96,89,7,0.75,0.6953125,0.0546875,"[0.6684443704768313, 0.8169871513864144]","[0.6108489916080531, 0.7683943848476078]","[0.026740201381346355, 0.10858490029974707]",0,0,0,0,0,0
tess_200s,bls_v1,BLS v1,5.879725024569434,128,128,128,59,49,63,51,3,0.4609375,0.3828125,0.0234375,"[0.3769811559809195, 0.5471701687279483]","[0.3031862585769025, 0.46926771554970104]","[0.008002416396755481, 0.06664374505143222]",0,0,0,0,0,0
ztf,tls_v1,TLS v1,11.049633072212188,128,128,128,108,103,108,103,10,0.84375,0.8046875,0.078125,"[0.7709518905710295, 0.8965164519909334]","[0.7275592800992087, 0.864060387171622]","[0.04298737505098223, 0.13784693180479052]",0,0,0,0,0,0
ztf,bls_pypi,BLS PyPI,7.808926968765494,128,128,128,94,88,94,88,11,0.734375,0.6875,0.0859375,"[0.6518470619103658, 0.8032449898364271]","[0.6027289441827964, 0.7613446972146379]","[0.04866313137138619, 0.14734091054261295]",0,0,0,0,0,0
ztf,gtls_batch,GTLS,11.481840133666992,128,128,128,103,96,103,96,3,0.8046875,0.75,0.0234375,"[0.7275592800992087, 0.864060387171622]","[0.6684443704768313, 0.8169871513864144]","[0.008002416396755481, 0.06664374505143222]",0,0,0,0,0,0
tess_gap,tls_v1,TLS v1,10.31433208781023,128,128,128,92,78,93,79,2,0.71875,0.609375,0.015625,"[0.6353658087171574, 0.7893867729131827]","[0.5228464818201277, 0.6895298089950423]","[0.004295449710144082, 0.055180976679817195]",0,0,0,0,0,0
tess_gap,bls_v1_batch,BLS v1,7.2287964183017674,128,128,128,95,89,95,89,6,0.7421875,0.6953125,0.046875,"[0.6601308077044309, 0.8101309791005885]","[0.6108489916080531, 0.7683943848476078]","[0.021657844171923776, 0.09849752245094322]",0,0,0,0,0,0
tess_gap,gtls,GTLS,10.234871864318848,128,128,128,95,74,99,78,2,0.7421875,0.578125,0.015625,"[0.6601308077044309, 0.8101309791005885]","[0.4915184739711009, 0.6601788766111634]","[0.004295449710144082, 0.055180976679817195]",0,0,0,0,0,0
