backend,repetition,original_record_sha256,selected_period_days,SDE,selected_over_true_period,coarse_truth_masked,coarse_truth_chi2,coarse_selected_chi2,coarse_truth_tied_rank,coarse_truth_selected_tie,final_truth_masked,final_truth_chi2,final_selected_chi2,final_truth_tied_rank,final_truth_selected_tie
gtls,0,3bb761b249a9457425c1e234d7ad55b28b8d4dbadc4fc567dd7505adc1cc7869,121.75,3.2465779781341553,0.3333333333333333,False,0.0005201256135478616,0.0005201256135478616,1,True,False,0.000520052679348737,0.000520052679348737,1,True
gtls,1,f4f9f434cf58a5df7bfe903b9b54d42fc19c75e7a71c996a1e76a5d85df9d22e,121.75,3.2300527095794678,0.3333333333333333,False,0.0005201256135478616,0.0005201256135478616,1,True,False,0.000520052679348737,0.000520052679348737,1,True
gtls,2,7e64f438b722bad4a5b75922bf87964020d161b36abbeab83b61797cd8a30a7b,121.75,3.2300527095794678,0.3333333333333333,False,0.0005201256135478616,0.0005201256135478616,1,True,False,0.000520052679348737,0.000520052679348737,1,True
gtls_corrected,0,d0525b6c12f14325cf94797e130fcffb2d57024efb8a55e5574973c9727ad3b8,121.75,3.2434375517925504,0.3333333333333333,False,0.0005201256135478616,0.0005201256135478616,1,True,False,0.000520052679348737,0.000520052679348737,1,True
gtls_corrected,1,de8bb5943dfc45a4391712e604888fbbb67dcc45f5070448cb16a935b95b75d6,121.75,3.2342769568911143,0.3333333333333333,False,0.0005201256135478616,0.0005201256135478616,1,True,False,0.000520052679348737,0.000520052679348737,1,True
gtls_corrected,2,cd8dfcac6e03a9b899bd3693b66f5a06da4ea1b10d8ae2c7261050a2a40d2bdc,121.75,3.2434375517925504,0.3333333333333333,False,0.0005201256135478616,0.0005201256135478616,1,True,False,0.000520052679348737,0.000520052679348737,1,True
candidate,0,2772bc00d8fd6c12a5d764a86ecb74174606d8f72a5fb8fa1a33de5f36048948,121.75,3.2434375517925504,0.3333333333333333,False,0.0005201256135478616,0.0005201256135478616,1,True,False,0.000520052679348737,0.000520052679348737,1,True
candidate,1,831b1c5624c075f45ceabf8b0145c6b133824fcce366457bbb3e2d61ff29b34c,121.75,3.2434375517925504,0.3333333333333333,False,0.0005201256135478616,0.0005201256135478616,1,True,False,0.000520052679348737,0.000520052679348737,1,True
candidate,2,1736f83d6c944264ae7cbbf47655a69d473f4cad9f43d31e653e2bc0f8e54152,121.75,3.2434375517925504,0.3333333333333333,False,0.0005201256135478616,0.0005201256135478616,1,True,False,0.000520052679348737,0.000520052679348737,1,True
