scope,backend,workers,batch_size,rate_contract,original_numerical_qualification_passed,rate_available,missing_reason,median_lightcurves_per_second,minimum_lightcurves_per_second,maximum_lightcurves_per_second,attempted_count,successful_count,failed_count,completion_fraction,selected_mismatch_count,complete_output_mismatch_count,cold_first_cohort_including_startup_seconds,sampled_gpu_peak_bytes,sampled_worker_rss_peak_bytes,total_measured_compute_usd,usd_per_million_successful_steady,usd_per_million_successful_cold_amortized,cold_amortized_successful_lightcurves_per_second,heldout_exact_cases,heldout_planned_cases,heldout_aggregate_exactness_qualified,timing_cohort_paired_tls_qualification,science_seal_sha256
tess_solar,baseline,,,original_qualified_timing,False,False,"Traceback (most recent call last):
  File ""/workspace/tls-survey/candidate/benchmarks/tls_survey/throughput.py"", line 773, in run
    raise RuntimeError('Post-queue required-output qualification failed')
RuntimeError: Post-queue required-output qualification failed
",,,,,,,,,,,,,,,,,5111,5120,False,False,1b81c75bd1a498c0dbed607e3221da1f374fc05be765de6dd2670c8d2f2b0807
tess_solar,candidate,4,4,original_qualified_timing,True,True,,8.203064070063173,8.03909495391051,8.209117438111315,,,,,,,10.244131383951753,3793158144,1436946432,0.049432611720913296,16.59271583746912,17.171267508767286,7.926678158244034,5111,5120,False,False,1b81c75bd1a498c0dbed607e3221da1f374fc05be765de6dd2670c8d2f2b0807
tess_solar,gtls,2,1,original_qualified_timing,True,True,,2.4249058679058546,2.2541474660971055,2.4430499132698036,,,,,,,18.114802494179457,8530690048,946552832,0.05042464483484703,56.13047207834772,60.102580374872865,2.264646713371647,5111,5120,False,False,1b81c75bd1a498c0dbed607e3221da1f374fc05be765de6dd2670c8d2f2b0807
tess_solar,bls,,,native_execution_only,False,False,No valid execution tuning selection,,,,,,,,,,,,,,,,,5111,5120,False,False,1b81c75bd1a498c0dbed607e3221da1f374fc05be765de6dd2670c8d2f2b0807
tess_gap_long,baseline,4,8,original_qualified_timing,True,True,,0.7704690916588798,0.766305891609122,0.7731550532308258,,,,,,,87.00128701515496,3893821440,1691283456,0.05091131530951501,176.66005370579282,217.89290678209875,0.6246697660848016,5111,5120,False,True,1b81c75bd1a498c0dbed607e3221da1f374fc05be765de6dd2670c8d2f2b0807
tess_gap_long,candidate,4,4,original_qualified_timing,True,True,,0.7759979115902728,0.7740321475147041,0.7761346975505068,,,,,,,86.91488581197336,3617718272,1592274944,0.0505553960809316,175.40138842922278,216.6162422253286,0.6283513632810858,5111,5120,False,True,1b81c75bd1a498c0dbed607e3221da1f374fc05be765de6dd2670c8d2f2b0807
tess_gap_long,gtls,,,original_qualified_timing,False,False,"Traceback (most recent call last):
  File ""/workspace/tls-survey/candidate/benchmarks/tls_survey/throughput.py"", line 761, in run
    measured = pool.run_queue(cohort, cases, args.min_sources, args.min_seconds, gate['scalars'])
               ^^^^^^^^^^^^^^^^^^^^^^^^^^^^^^^^^^^^^^^^^^^^^^^^^^^^^^^^^^^^^^^^^^^^^^^^^^^^^^^^^^
  File ""/workspace/tls-survey/candidate/benchmarks/tls_survey/throughput.py"", line 593, in run_queue
    raise error
RuntimeError: Measured task failed numerical/membership gate: {'kind': 'complete', 'pid': 135002, 'task': 17, 'indices': [1], 'started': 2174109.762783667, 'ended': 2174114.16471629, 'api_seconds': 4.40193262277171, 'error': 'Traceback (most recent call last):\n  File ""/workspace/tls-survey/candidate/benchmarks/tls_survey/throughput.py"", line 388, in worker\n    results = public_call(internal_backend, selected,\n              ^^^^^^^^^^^^^^^^^^^^^^^^^^^^^^^^^^^^^^^\n  File ""/workspace/tls-survey/candidate/benchmarks/tls_survey/throughput.py"", line 125, in public_call\n    return [gtls(case[\'data\'][\'t\'], case[\'data\'][\'y\'], case[\'data\'][\'dy\'],\n           ^^^^^^^^^^^^^^^^^^^^^^^^^^^^^^^^^^^^^^^^^^^^^^^^^^^^^^^^^^^^^^^\n  File ""/workspace/tls-survey/candidate/benchmarks/tls_survey/throughput.py"", line 125, in <listcomp>\n    return [gtls(case[\'data\'][\'t\'], case[\'data\'][\'y\'], case[\'data\'][\'dy\'],\n            ^^^^^^^^^^^^^^^^^^^^^^^^^^^^^^^^^^^^^^^^^^^^^^^^^^^^^^^^^^^^^^\n  File ""/workspace/tls-survey/modern/lib/python3.11/site-packages/gputls/main.py"", line 108, in power\n    = core.search_multi_periods(\n      ^^^^^^^^^^^^^^^^^^^^^^^^^^\n  File ""/workspace/tls-survey/modern/lib/python3.11/site-packages/gputls/core.py"", line 768, in search_multi_periods\n    ootrGPU = cp.empty((singleCalcPeriods,len(singleDurations),(tSize)),dtype=cp.float32)\n              ^^^^^^^^^^^^^^^^^^^^^^^^^^^^^^^^^^^^^^^^^^^^^^^^^^^^^^^^^^^^^^^^^^^^^^^^^^^\n  File ""/workspace/tls-survey/modern/lib/python3.11/site-packages/cupy/_creation/basic.py"", line 32, in empty\n    return cupy.ndarray(shape, dtype, order=order)\n           ^^^^^^^^^^^^^^^^^^^^^^^^^^^^^^^^^^^^^^^\n  File ""cupy/_core/core.pyx"", line 167, in cupy._core.core.ndarray.__new__\n  File ""cupy/_core/core.pyx"", line 254, in cupy._core.core._ndarray_base._init\n  File ""cupy/cuda/memory.pyx"", line 875, in cupy.cuda.memory.alloc\n  File ""cupy/cuda/memory.pyx"", line 1579, in cupy.cuda.memory.MemoryPool.malloc\n  File ""cupy/cuda/memory.pyx"", line 1600, in cupy.cuda.memory.MemoryPool.malloc\n  File ""cupy/cuda/memory.pyx"", line 1271, in cupy.cuda.memory.SingleDeviceMemoryPool.malloc\n  File ""cupy/cuda/memory.pyx"", line 1292, in cupy.cuda.memory.SingleDeviceMemoryPool._malloc\n  File ""cupy/cuda/memory.pyx"", line 1537, in cupy.cuda.memory.SingleDeviceMemoryPool._try_malloc\n  File ""cupy/cuda/memory.pyx"", line 1540, in cupy.cuda.memory.SingleDeviceMemoryPool._try_malloc\ncupy.cuda.memory.OutOfMemoryError: Out of memory allocating 1,623,613,440 bytes (allocated so far: 5,202,540,544 bytes).\n', 'outputs': [], 'scalars': [], 'profile': None, 'host_peak_rss_bytes': 607035392, 'scalar_match': True, 'membership_match': False}
",,,,,,,,,,,,,,,,,5111,5120,False,True,1b81c75bd1a498c0dbed607e3221da1f374fc05be765de6dd2670c8d2f2b0807
tess_gap_long,bls,,,native_execution_only,False,False,No valid execution tuning selection,,,,,,,,,,,,,,,,,5111,5120,False,True,1b81c75bd1a498c0dbed607e3221da1f374fc05be765de6dd2670c8d2f2b0807
ztf_solar,baseline,4,8,original_qualified_timing,True,True,,0.4526328675575552,0.45192487562283545,0.45536185460471756,,,,,,,149.75658527994528,2610364416,2114220032,0.0864766228854889,300.70973821582606,371.0422156394032,0.36683456861251196,5111,5120,False,True,1b81c75bd1a498c0dbed607e3221da1f374fc05be765de6dd2670c8d2f2b0807
ztf_solar,candidate,4,4,original_qualified_timing,True,True,,0.8372887160281638,0.8268017921195354,0.8389944113055334,,,,,,,85.62675408506766,2526478336,1746231296,0.054814661220877636,162.5617406583236,197.82563648879187,0.6880357547532657,5111,5120,False,True,1b81c75bd1a498c0dbed607e3221da1f374fc05be765de6dd2670c8d2f2b0807
ztf_solar,gtls,2,1,original_qualified_timing,True,True,,0.11810723225948463,0.11536748914060276,0.12267161573125425,,,,,,,272.7577719227411,48298983424,1791160320,0.3304126220632254,1152.4367179485798,1276.1735606382663,0.10665564254679936,5111,5120,False,True,1b81c75bd1a498c0dbed607e3221da1f374fc05be765de6dd2670c8d2f2b0807
ztf_solar,bls,,,native_execution_only,False,False,No valid execution tuning selection,,,,,,,,,,,,,,,,,5111,5120,False,True,1b81c75bd1a498c0dbed607e3221da1f374fc05be765de6dd2670c8d2f2b0807
varied,baseline,,,original_qualified_timing,False,False,"Traceback (most recent call last):
  File ""/workspace/tls-survey/candidate/benchmarks/tls_survey/throughput.py"", line 753, in run
    raise RuntimeError('Pre-queue required-output qualification failed')
RuntimeError: Pre-queue required-output qualification failed
",,,,,,,,,,,,,,,,,5111,5120,False,False,1b81c75bd1a498c0dbed607e3221da1f374fc05be765de6dd2670c8d2f2b0807
varied,candidate,,,original_qualified_timing,False,False,Fresh one-worker required-output qualification failed,,,,,,,,,,,,,,,,,5111,5120,False,False,1b81c75bd1a498c0dbed607e3221da1f374fc05be765de6dd2670c8d2f2b0807
varied,gtls,,,original_qualified_timing,False,False,"Traceback (most recent call last):
  File ""/workspace/tls-survey/candidate/benchmarks/tls_survey/throughput.py"", line 761, in run
    measured = pool.run_queue(cohort, cases, args.min_sources, args.min_seconds, gate['scalars'])
               ^^^^^^^^^^^^^^^^^^^^^^^^^^^^^^^^^^^^^^^^^^^^^^^^^^^^^^^^^^^^^^^^^^^^^^^^^^^^^^^^^^
  File ""/workspace/tls-survey/candidate/benchmarks/tls_survey/throughput.py"", line 593, in run_queue
    raise error
RuntimeError: Measured task failed numerical/membership gate: {'kind': 'complete', 'pid': 141402, 'task': 55, 'indices': [55], 'started': 2180771.54452009, 'ended': 2180774.500208829, 'api_seconds': 2.955688739195466, 'error': 'Traceback (most recent call last):\n  File ""/workspace/tls-survey/candidate/benchmarks/tls_survey/throughput.py"", line 388, in worker\n    results = public_call(internal_backend, selected,\n              ^^^^^^^^^^^^^^^^^^^^^^^^^^^^^^^^^^^^^^^\n  File ""/workspace/tls-survey/candidate/benchmarks/tls_survey/throughput.py"", line 125, in public_call\n    return [gtls(case[\'data\'][\'t\'], case[\'data\'][\'y\'], case[\'data\'][\'dy\'],\n           ^^^^^^^^^^^^^^^^^^^^^^^^^^^^^^^^^^^^^^^^^^^^^^^^^^^^^^^^^^^^^^^\n  File ""/workspace/tls-survey/candidate/benchmarks/tls_survey/throughput.py"", line 125, in <listcomp>\n    return [gtls(case[\'data\'][\'t\'], case[\'data\'][\'y\'], case[\'data\'][\'dy\'],\n            ^^^^^^^^^^^^^^^^^^^^^^^^^^^^^^^^^^^^^^^^^^^^^^^^^^^^^^^^^^^^^^\n  File ""/workspace/tls-survey/modern/lib/python3.11/site-packages/gputls/main.py"", line 108, in power\n    = core.search_multi_periods(\n      ^^^^^^^^^^^^^^^^^^^^^^^^^^\n  File ""/workspace/tls-survey/modern/lib/python3.11/site-packages/gputls/core.py"", line 768, in search_multi_periods\n    ootrGPU = cp.empty((singleCalcPeriods,len(singleDurations),(tSize)),dtype=cp.float32)\n              ^^^^^^^^^^^^^^^^^^^^^^^^^^^^^^^^^^^^^^^^^^^^^^^^^^^^^^^^^^^^^^^^^^^^^^^^^^^\n  File ""/workspace/tls-survey/modern/lib/python3.11/site-packages/cupy/_creation/basic.py"", line 32, in empty\n    return cupy.ndarray(shape, dtype, order=order)\n           ^^^^^^^^^^^^^^^^^^^^^^^^^^^^^^^^^^^^^^^\n  File ""cupy/_core/core.pyx"", line 167, in cupy._core.core.ndarray.__new__\n  File ""cupy/_core/core.pyx"", line 254, in cupy._core.core._ndarray_base._init\n  File ""cupy/cuda/memory.pyx"", line 875, in cupy.cuda.memory.alloc\n  File ""cupy/cuda/memory.pyx"", line 1579, in cupy.cuda.memory.MemoryPool.malloc\n  File ""cupy/cuda/memory.pyx"", line 1600, in cupy.cuda.memory.MemoryPool.malloc\n  File ""cupy/cuda/memory.pyx"", line 1271, in cupy.cuda.memory.SingleDeviceMemoryPool.malloc\n  File ""cupy/cuda/memory.pyx"", line 1292, in cupy.cuda.memory.SingleDeviceMemoryPool._malloc\n  File ""cupy/cuda/memory.pyx"", line 1537, in cupy.cuda.memory.SingleDeviceMemoryPool._try_malloc\n  File ""cupy/cuda/memory.pyx"", line 1540, in cupy.cuda.memory.SingleDeviceMemoryPool._try_malloc\ncupy.cuda.memory.OutOfMemoryError: Out of memory allocating 1,377,618,944 bytes (allocated so far: 5,464,751,104 bytes).\n', 'outputs': [], 'scalars': [], 'profile': None, 'host_peak_rss_bytes': 1913155584, 'scalar_match': True, 'membership_match': False}
",,,,,,,,,,,,,,,,,5111,5120,False,False,1b81c75bd1a498c0dbed607e3221da1f374fc05be765de6dd2670c8d2f2b0807
varied,bls,,,native_execution_only,False,False,No valid execution tuning selection,,,,,,,,,,,,,,,,,5111,5120,False,False,1b81c75bd1a498c0dbed607e3221da1f374fc05be765de6dd2670c8d2f2b0807
