profile,method,recall_difference,recall_lower_simultaneous_95,fpr_difference,fpr_lower_simultaneous_95,fpr_upper_simultaneous_95,supported
tess_200s,v1_original,-0.00244140625,-0.02263533953499962,-0.007568359375,-0.022613241415021527,0.007507315429047354,False
tess_200s,v1_resolved,0.005859375,-0.01573797423850625,-0.007080078125,-0.022132119749941732,0.008000760127739197,False
tess_200s,v1_fine,0.01171875,-0.010199151958997017,-0.004150390625,-0.019674072522625475,0.011389898564864536,True
tess_gap,v1_original,0.00927734375,-0.010622564040581374,-0.001708984375,-0.016886039817217462,0.013474989174069252,True
tess_gap,v1_resolved,0.02294921875,0.003471648184915299,-0.00390625,-0.018349415884597996,0.010553174811841069,True
tess_gap,v1_fine,0.0263671875,0.007321635832786066,-0.0048828125,-0.019470548301290972,0.009725130072561,True
ztf,v1_original,0.0361328125,0.013297613354707746,-0.00830078125,-0.027925960343143857,0.01135478067092549,False
ztf,v1_resolved,0.04052734375,0.019700425969636948,-0.006103515625,-0.02593468356723829,0.013749928594392634,False
ztf,v1_fine,0.0390625,0.01845781551399818,-0.008056640625,-0.02754657513930478,0.011462840213462853,False
