baseline_days,candidate_alias_drift_in_true_durations,candidate_alias_ratio,candidate_drift_in_true_durations,candidate_error,candidate_fundamental_period_match,candidate_global_SDE,candidate_global_power_peak_period_days,candidate_selected_over_true_period,candidate_selected_period_days,candidate_stage0_truth_chi2_rank,candidate_stage1_truth_chi2_rank,candidate_stage2_truth_chi2_rank,candidate_status,candidate_truth_final_chi2,candidate_truth_final_chi2_rank,candidate_truth_grid_metrics_available,candidate_truth_index,candidate_truth_is_grid_point,candidate_truth_masked,duration_days,duration_times_ndata,eccentricity,fractional_duration,group,gtls_alias_drift_in_true_durations,gtls_alias_ratio,gtls_corrected_alias_drift_in_true_durations,gtls_corrected_alias_ratio,gtls_corrected_drift_in_true_durations,gtls_corrected_error,gtls_corrected_exact_comparison_passed,gtls_corrected_fundamental_period_match,gtls_corrected_global_SDE,gtls_corrected_global_power_peak_period_days,gtls_corrected_selected_over_true_period,gtls_corrected_selected_period_days,gtls_corrected_stage0_truth_chi2_rank,gtls_corrected_stage1_truth_chi2_rank,gtls_corrected_stage2_truth_chi2_rank,gtls_corrected_status,gtls_corrected_truth_final_chi2,gtls_corrected_truth_final_chi2_rank,gtls_corrected_truth_grid_metrics_available,gtls_corrected_truth_index,gtls_corrected_truth_is_grid_point,gtls_corrected_truth_masked,gtls_drift_in_true_durations,gtls_error,gtls_exact_comparison_passed,gtls_fundamental_period_match,gtls_global_SDE,gtls_global_power_peak_period_days,gtls_selected_over_true_period,gtls_selected_period_days,gtls_stage0_truth_chi2_rank,gtls_stage1_truth_chi2_rank,gtls_stage2_truth_chi2_rank,gtls_status,gtls_truth_final_chi2,gtls_truth_final_chi2_rank,gtls_truth_grid_metrics_available,gtls_truth_index,gtls_truth_is_grid_point,gtls_truth_masked,impact,in_transit_observations,input_sha256,mass,name,ndata,null,observed_events,period_count,radius,truth_period_days,white_oracle_snr
25.756750990570254,77.50448238380322,,0.24999999999999165,,True,2.7508761882781982,3.367506096379293,1.0010728994530411,3.367506096379293,3,2,2,ok,0.00023740463075228035,2,True,55,True,False,0.1105376161996084,319.92484903884514,0.0,0.03285998860300381,selected_grid,77.50448238380322,,77.50448238380322,,0.24999999999999165,,True,True,2.7508761882781982,3.367506096379293,1.0010728994530411,3.367506096379293,3,2,2,ok,0.00023740463075228035,2,True,55,True,False,0.24999999999999165,,True,True,2.7508761882781982,3.367506096379293,1.0010728994530411,3.367506096379293,3,2,2,ok,0.00023740463075228035,2,True,55,True,False,0.26697528094000633,292,25fa290bb697bf53784b279388191e4ebd8aa4f3c90528d723dbf2298928a71b,1.0,solar_ordinary,9736,False,6,97,1.0,3.3638969731567063,10.0
25.756750990570254,222.01490770108643,,0.0,,True,3.353327989578247,3.870787960691381,1.0,3.870787960691381,1,1,1,ok,3.174091034452431e-05,1,True,59,True,False,0.038671203444963095,97.26775027814017,0.0,0.009990524884771998,selected_grid,222.01490770108643,,222.01490770108643,,0.0,,True,True,3.353327989578247,3.870787960691381,1.0,3.870787960691381,1,1,1,ok,3.174091034452431e-05,1,True,59,True,False,0.0,,True,True,3.353327989578247,3.870787960691381,1.0,3.870787960691381,1,1,1,ok,3.174091034452431e-05,1,True,59,True,False,0.9556731383416222,121,398597348dfc127ce714de2037ae82c2ccb040afcaad1ead30f04549a19b274e,1.0,solar_highimpact,9736,False,7,97,1.0,3.870787960691381,10.0
25.756750990570254,160.05428054245803,,0.24999999999998374,,True,2.402769088745117,8.474573814498592,0.999478800569267,8.474573814498592,1,2,2,ok,4.9320551624987274e-05,2,True,79,True,False,0.05369761581527588,61.65826340761293,0.7055581395712245,0.006333018016394097,selected_grid,160.05428054245803,,160.05428054245803,,0.24999999999998374,,True,True,2.402769088745117,8.474573814498592,0.999478800569267,8.474573814498592,1,2,2,ok,4.9320551624987274e-05,2,True,79,True,False,0.24999999999998374,,True,True,2.402769088745117,8.474573814498592,0.999478800569267,8.474573814498592,1,2,2,ok,4.9320551624987274e-05,2,True,79,True,False,0.5700214740321423,72,7e7aef19c3026bc35abb9b69c1b3a9a81c600b34ecbe19f5933b62d8950975e9,1.0,solar_eccentric,9736,False,3,97,1.0,8.4789930608551,10.0
25.756750990570254,405.3819265769261,,0.0,,True,3.1805050373077393,2.9125105056846947,1.0,2.9125105056846947,1,1,1,ok,0.32428833842277527,1,True,51,True,False,0.02117899960666894,70.79759532817687,0.0,0.007271733291719071,selected_grid,405.3819265769261,,405.3819265769261,,0.0,,True,True,3.1805050373077393,2.9125105056846947,1.0,2.9125105056846947,1,1,1,ok,0.32428833842277527,1,True,51,True,False,0.0,,True,True,3.1805050373077393,2.9125105056846947,1.0,2.9125105056846947,1,1,1,ok,0.32428833842277527,1,True,51,True,False,0.6030885006262043,60,0eae10d52ccb2a981eae8851f6c4c5c1781e60fd1dc1f4915ea21ccd8538c5da,0.1,dense_m_ordinary,9736,False,6,97,0.1,2.9125105056846947,10.0
25.756750990570254,535.3650880464685,,2935.2757173342397,,False,3.4279470443725586,10.081843862353626,2.574257990705933,10.081843862353626,5,5,5,ok,0.037363409996032715,5,True,59,True,False,0.013813956495491633,34.3408271384971,0.0,0.0035272008153756263,selected_grid,535.3650880464685,,535.3650880464685,,2935.2757173342397,,True,False,3.4279470443725586,10.081843862353626,2.574257990705933,10.081843862353626,5,5,5,ok,0.037363409996032715,5,True,59,True,False,2935.2757173342397,,True,False,3.4279470443725586,10.081843862353626,2.574257990705933,10.081843862353626,5,5,5,ok,0.037363409996032715,5,True,59,True,False,0.95,37,93eb44770efc409e5532f34a45f9b8eff72ad7511ea1c3c005a72e68784e0523,0.1,dense_m_highimpact,9736,False,6,97,0.1,3.916407717778475,10.0
25.756750990570254,526.771604598943,,0.24999999999992398,,True,1.8596274032170201,3.9494618296637904,1.0001581462912783,3.9494618296637904,11,11,12,ok,8.081362921075197e-07,12,True,60,True,False,0.016293338578164788,40.17181031072357,0.0,0.004126110344158132,selected_grid,,,526.771604598943,,0.24999999999992398,,True,True,1.8596274032170201,3.9494618296637904,1.0001581462912783,3.9494618296637904,11,11,12,ok,8.081362921075197e-07,12,True,60,True,False,,AssertionError,False,,,,,,,,,error,,,,,,,1.0,46,83d4f4f1cec4af739c2a5ad637f429e01ec1c1172416aad8bcbc6e31116ec3b2,1.0,solar_grazing,9736,False,6,97,1.0,3.9488373356842903,10.0
2743.768345858436,10430.16617054196,,0.2500000000015303,,True,4.370261192321777,2.6920582615311117,1.0000079895181329,2.6920582615311117,2,2,2,ok,4.103021183254896e-06,2,True,49,True,False,0.08768554780503457,42.89758165858402,0.0,0.03257219564053457,selected_grid,10430.16617054196,,10430.16617054196,,0.2500000000015303,,True,True,4.370261192321777,2.6920582615311117,1.0000079895181329,2.6920582615311117,2,2,2,ok,4.103021183254896e-06,2,True,49,True,False,0.2500000000015303,,True,True,4.370261192321777,2.6920582615311117,1.0000079895181329,2.6920582615311117,2,2,2,ok,4.103021183254896e-06,2,True,49,True,False,0.5742937523943321,45,a2fe7ed5d232897da7f36c286674a3cea9d2ea231dafb44418d7b5f9ffe32264,1.0,sparse_ordinary,1317,False,37,97,1.0,2.692036753454656,10.0
2743.768345858436,26858.103418804756,,0.2500000000018919,,True,4.178807258605957,2.946664755254081,1.000003102706655,2.946664755254081,3,3,3,ok,3.4631267453733017e-07,3,True,51,True,False,0.03405243322481191,15.219645745029755,0.0,0.011556298971169138,selected_grid,26858.103418804756,,26858.103418804756,,0.2500000000018919,,True,True,4.178807258605957,2.946664755254081,1.000003102706655,2.946664755254081,3,3,3,ok,3.4631267453733017e-07,3,True,51,True,False,0.2500000000018919,,True,True,4.178807258605957,2.946664755254081,1.000003102706655,2.946664755254081,3,3,3,ok,3.4631267453733017e-07,3,True,51,True,False,0.9597142981514083,10,dd6acd52cf2ea312cbee891d9e9cc649a72e12430109c358ecb7e250af4e015d,1.0,sparse_highimpact,1317,False,10,97,1.0,2.9466556126461017,10.0
2743.768345858436,33260.074085389984,,0.25000000000595946,,True,3.515338897705078,5.944919680842046,0.999997494480899,5.944919680842046,1,2,2,ok,0.005033727269619703,2,True,71,True,False,0.02749825599648604,6.091774885738965,0.0,0.004625493459179168,selected_grid,33260.074085389984,,33260.074085389984,,0.25000000000595946,,True,True,3.515338897705078,5.944919680842046,0.999997494480899,5.944919680842046,1,2,2,ok,0.005033727269619703,2,True,71,True,False,0.25000000000595946,,True,True,3.515338897705078,5.944919680842046,0.999997494480899,5.944919680842046,1,2,2,ok,0.005033727269619703,2,True,71,True,False,0.5692570636969869,4,c80b165102eb8a3f3eec1715eeab8c172c065a66d13c4b57cb465e2765d91e2a,0.1,sparse_dense_m,1317,False,4,97,0.1,5.944934575989181,10.0
734.853796173106,2807.6929691232167,,0.0,,True,4.568336009979248,3.4835519277633638,1.0,3.4835519277633638,1,1,1,ok,3.564540747902356e-05,1,True,56,True,False,0.08724289588812431,107.5649927458029,0.0,0.025044235796461676,selected_grid,2807.6929691232167,,2807.6929691232167,,0.0,,True,True,4.568336009979248,3.4835519277633638,1.0,3.4835519277633638,1,1,1,ok,3.564540747902356e-05,1,True,56,True,False,0.0,,True,True,4.568336009979248,3.4835519277633638,1.0,3.4835519277633638,1,1,1,ok,3.564540747902356e-05,1,True,56,True,False,0.665894815671085,121,9ca57c83f5ea26be8c63369899456a3046012e978d539c6b4384d0ebdda170b5,1.0,gapped_ordinary,4295,False,13,97,1.0,3.4835519277633638,10.0
25.756750990570254,110.0783380051003,,0.0,,True,3.075688362121582,2.69166142289872,1.0,2.69166142289872,1,1,1,ok,0.00017769545956980437,1,True,49,True,False,0.07799521521778079,282.1162457136001,0.0,0.028976606996055886,selected_grid,110.0783380051003,,110.0783380051003,,0.0,,True,True,3.075688362121582,2.69166142289872,1.0,2.69166142289872,1,1,1,ok,0.00017769545956980437,1,True,49,True,False,0.0,,True,True,3.075688362121582,2.69166142289872,1.0,2.69166142289872,1,1,1,ok,0.00017769545956980437,1,True,49,True,False,0.6887280063897263,294,576bce39531233cfbf67441d9579ef7ef8b7826ff762200ae23e6070bd7dec28,1.0,phase_wrap,9736,False,9,97,1.0,2.69166142289872,10.0
25.756750990570254,82.0741220083727,,0.2499999999999935,,True,3.1240015029907227,3.5529947504011146,0.998982591596996,3.5529947504011146,1,2,2,ok,0.00027368092560209334,2,True,57,True,False,0.1048205395675596,288.08889075102087,0.0,0.029472009283991903,selected_grid,82.0741220083727,,82.0741220083727,,0.2499999999999935,,True,True,3.1240015029907227,3.5529947504011146,0.998982591596996,3.5529947504011146,1,2,2,ok,0.00027368092560209334,2,True,57,True,False,0.2499999999999935,,True,True,3.1240015029907227,3.5529947504011146,0.998982591596996,3.5529947504011146,1,2,2,ok,0.00027368092560209334,2,True,57,True,False,0.4452333664388659,368,eefbb1b5d3b23456a59ed35d07fba5d71c8afc3d986accb71dd0b67fddf78a3c,1.0,phase_ties,9775,False,8,97,1.0,3.5566132786370357,10.0
25.756750990570254,32.852688780708135,,280.29449236031246,,False,3.0943167209625244,12.0,2.3061915681184133,12.0,47,50,50,ok,0.004421645775437355,50,True,68,True,False,0.12002822703615879,224.58362639969948,0.0,0.023067340427249332,selected_grid,32.852688780708135,,32.852688780708135,,280.29449236031246,,True,False,3.0943167209625244,12.0,2.3061915681184133,12.0,47,50,50,ok,0.004421645775437355,50,True,68,True,False,280.29449236031246,,True,False,3.0943167209625244,12.0,2.3061915681184133,12.0,47,50,50,ok,0.004421645775437355,50,True,68,True,False,0.426890417672689,230,f99337a83c9d01cd99744a6cba7e68b700818a659c161105559d62343ac237e7,1.0,heteroskedastic,9736,False,5,97,1.0,5.203383867104595,10.0
25.756750990570254,,,,,,,,,,,,,ok,,,,,,,0.10889093587117665,178.8270574388252,0.0,0.01836761066545041,selected_grid,164.71922974446946,,,,,ZeroDivisionError: division by zero,False,,,,,,,,,error,,,,,,,212.59783932232844,,False,False,,,0.10120738067958308,0.6,1,1,1,ok,9736.0,1,True,71,True,False,0.6226516693278965,192,685ae84486049662d5035c4a1faee5405ffe13682264e1c4494b6ea4a564569f,1.0,flat,9736,True,4,97,1.0,5.9284213855861605,10.0
25.756750990570254,29.089497294758804,,153.01835503379783,,False,3.851457118988037,9.736698260563195,1.6994542274215279,9.736698260563195,18,25,25,ok,0.00015866372268646955,25,True,70,True,False,0.11773534201840552,200.07147569394246,0.0,0.020549658555252922,selected_grid,29.089497294758804,,29.089497294758804,,153.01835503379783,,True,False,3.851457118988037,9.736698260563195,1.6994542274215279,9.736698260563195,18,25,25,ok,0.00015866372268646955,25,True,70,True,False,153.01835503379783,,True,False,3.851457118988037,9.736698260563195,1.6994542274215279,9.736698260563195,18,25,25,ok,0.00015866372268646955,25,True,70,True,False,0.513673310178584,222,d876817cac51e05ea5963c3fb63a428688128ce5161643ba667c9469e5db5666,1.0,noise_only,9736,True,5,97,1.0,5.7293089178024275,10.0
25.756750990570254,203.65251095876525,,0.2500000000000154,,True,3.7542036516713155,5.532232275085277,0.9995904711031706,5.532232275085277,2,2,2,ok,1.7301670595770702e-05,2,True,69,True,False,0.04219253527630669,74.22289486064855,0.0,0.007623551238768339,selected_grid,203.65251095876525,,203.65251095876525,,0.2500000000000154,,True,True,3.7542036516713155,5.532232275085277,0.9995904711031706,5.532232275085277,2,2,2,ok,1.7301670595770702e-05,2,True,69,True,False,0.2500000000000154,,False,True,3.7358901500701904,5.532232275085277,0.9995904711031706,5.532232275085277,2,2,2,ok,1.7301670595770702e-05,2,True,69,True,False,0.9589071723830888,73,4864ddb3a11eb0b56a49b542b0321cb70ccc5fbfe1f5bb708b546e4dce7e08d5,1.0,large_absolute_epoch,9736,False,4,97,1.0,5.534498812278373,10.0
25.756750990570254,,,,ValueError: tls_search_gpu: t contains 1 non-finite value(s) (NaN or inf) out of 9741; first at index/indices 1. Remove or interpolate the bad samples before searching.,,,,,,,,,error,,,,,,,0.11410153014779857,242.27403917542406,0.0,0.024871577782098763,selected_grid,75.0784562725463,,75.0784562725463,,0.24999999999999528,,False,True,3.0382819175720215,4.59270809524878,1.001107491490188,4.59270809524878,1,2,2,ok,0.00014861542149446905,2,True,64,True,False,0.24999999999999528,,False,True,3.0382819175720215,4.59270809524878,1.001107491490188,4.59270809524878,1,2,2,ok,0.00014861542149446905,2,True,64,True,False,0.4439402572959297,201,e47f5ec78dab2c559d7964e9a082eb19ddc55e916b67265d16adadf296cb2828,1.0,cleaning_edges,9741,False,4,97,1.0,4.587627337012885,10.0
2743.768345858436,1439.3797650065994,,5979.400167353882,,False,3.3553550243377686,100.50672580695804,0.2751724183626504,100.50672580695804,50,36,36,ok,1.591588807059452e-05,36,True,86,True,False,0.3326017525235787,1.1992785984217746,0.0,0.0009106139699481963,selected_grid,,,,,,ValueError: zero-size array to reduction operation minimum which has no identity,False,,,,,,,,,error,,,,,,,,ValueError: zero-size array to reduction operation minimum which has no identity,False,,,,,,,,,error,,,,,,,0.8,0,4473b82c93ae6a59f09df6bb0aeb923ed5631a20155cdd1697fce4a6c6b07ceb,1.0,long_solar,1317,False,0,97,1.0,365.25,10.0
2743.768345858436,0.0,0.3333333333333333,25420.30186732997,,False,0.6925517916679382,121.75,0.3333333333333333,121.75,5,7,7,ok,0.0005371985607780516,7,True,86,True,False,0.07195740266128813,0.25946036770682124,0.0,0.00019700863151618926,selected_grid,,,,,,ValueError: zero-size array to reduction operation minimum which has no identity,False,,,,,,,,,error,,,,,,,,ValueError: zero-size array to reduction operation minimum which has no identity,False,,,,,,,,,error,,,,,,,0.9,1,b3185d9e0a28944527c97f0c18fd194aab88e3fe42c9e9bc9635ca489b2a4aca,0.1,long_dense_m,1317,False,1,97,0.1,365.25,10.0
2743.768345858436,80333.70363320621,,295703.33064192,,False,3.41379976272583,5.929432870725979,0.5929432870725979,5.929432870725979,29,32,32,ok,1.7369822671753354e-05,32,True,79,True,False,0.003776992709127974,0.49742993979215416,0.0,0.0003776992709127974,selected_grid,80333.70363320621,,80333.70363320621,,295703.33064192,,True,False,3.41379976272583,5.929432870725979,0.5929432870725979,5.929432870725979,29,32,32,ok,1.7369822671753354e-05,32,True,79,True,False,295703.33064192,,True,False,3.41379976272583,5.929432870725979,0.5929432870725979,5.929432870725979,29,32,32,ok,1.7369822671753354e-05,32,True,79,True,False,0.6749281394847174,0,bcf1c4e63a3c45bcbb10f8c0b898a3da4f3e39516a69c70654253ecdaf769b0c,0.6,compact_star_native_extension,1317,False,0,97,0.012,10.0,10.0
2743.768345858436,6268.40139347673,,6322.899718611211,,False,2.781097412109375,1.5673265011445796,0.004291106094851689,1.5673265011445796,77,78,78,ok,2.874494612115086e-06,78,True,86,True,False,0.4320793728145239,0.2365937701927578,0.0,0.001182968850963789,selected_grid,,,,,,ValueError: zero-size array to reduction operation minimum which has no identity,False,,,,,,,,,error,,,,,,,,ValueError: zero-size array to reduction operation minimum which has no identity,False,,,,,,,,,error,,,,,,,0.6162747785293983,0,1d66ba3b2ef465d64845383b1e0f8423a346f647badf4197cd545498181d5ed7,1.0,sparse_long_native_extension,200,False,0,97,1.0,365.25,10.0
1285.7567509905703,0.0,1.5,1932.8772942942037,,False,1.7620127201080322,79.05749852751013,1.5,547.875,25,25,25,ok,0.0020800635684281588,25,True,86,True,False,0.3326017525235787,70.92590089132511,0.0,0.0009106139699481963,long_period,0.0,1.5,0.0,1.5,1932.8772942942037,,True,False,1.7620127201080322,79.05749852751013,1.5,547.875,25,25,25,ok,0.0020800635684281588,25,True,86,True,False,1932.8772942942037,,True,False,1.7620127201080322,79.05749852751013,1.5,547.875,25,25,25,ok,0.0020800635684281588,25,True,86,True,False,0.8,513,78993541456c1a36e73845ec4d5832c725891c9041e31c5e462e4a85b6ae1dc3,1.0,dense_long_solar,77888,False,4,97,1.0,365.25,10.0
1285.7567509905703,1451.585637853204,,6923.8251159361,,False,1.4812558889389038,62.18576939250546,0.6125079868801654,223.71854220798042,25,26,26,ok,2.052236557006836,26,True,86,True,False,0.07195740266128813,15.34460829153295,0.0,0.00019700863151618926,long_period,1451.585637853204,,1451.585637853204,,6923.8251159361,,True,False,1.4812558889389038,62.18576939250546,0.6125079868801654,223.71854220798042,25,26,26,ok,2.052236557006836,26,True,86,True,False,6923.8251159361,,True,False,1.4812558889389038,62.18576939250546,0.6125079868801654,223.71854220798042,25,26,26,ok,2.052236557006836,26,True,86,True,False,0.9,111,2dffedbaccbb43d4d0b655aa42bf531ba8a943e019457f1eb9007799b6503b1a,0.1,dense_long_mdwarf,77888,False,4,97,0.1,365.25,10.0
1285.7567509905703,0.0,0.3333333333333333,2577.169725725605,,False,3.2434375517925504,,0.3333333333333333,121.75,,,,ok,,,False,,,,0.3326017525235787,70.92590089132511,0.0,0.0009106139699481963,stronger_controls,0.0,0.3333333333333333,0.0,0.3333333333333333,2577.169725725605,,False,False,3.2434375517925504,,0.3333333333333333,121.75,,,,ok,,,False,,,,2577.169725725605,,False,False,3.2465779781341553,,0.3333333333333333,121.75,,,,ok,,,False,,,,0.8,513,0fe57812bd564d8659300b5e54cf1713850e9f0dbe8a370b1d5e03b4221704a5,1.0,dense_long_solar_snr20,77888,False,4,97,1.0,365.25,20.0
1285.7567509905703,5956.268024033965,,0.2500000000007379,,True,3.6911840438842773,365.24488969408446,0.9999860087449267,365.24488969408446,2,2,2,ok,0.5131133794784546,2,True,86,True,False,0.07195740266128813,15.34460829153295,0.0,0.00019700863151618926,stronger_controls,5956.268024033965,,5956.268024033965,,0.2500000000007379,,True,True,3.6911840438842773,365.24488969408446,0.9999860087449267,365.24488969408446,2,2,2,ok,0.5131133794784546,2,True,86,True,False,0.2500000000007379,,True,True,3.6911840438842773,365.24488969408446,0.9999860087449267,365.24488969408446,2,2,2,ok,0.5131133794784546,2,True,86,True,False,0.9,111,649fd91676ec5430a9d0f7e1451823ff0261ac3d1ceb1f7ed6c3b03b06e75f2c,0.1,dense_long_mdwarf_snr20,77888,False,4,97,0.1,365.25,20.0
